{
  "best_model": "soft_voting",
  "train_sub_rows": 2200,
  "validation_rows": 551,
  "train_full_rows": 2751,
  "test_rows": 688,
  "validation_comparison": [
    {
      "model": "soft_voting",
      "validation_accuracy": 0.9582577132486388,
      "validation_f1_macro": 0.9414201221982447
    },
    {
      "model": "stacking",
      "validation_accuracy": 0.9401088929219601,
      "validation_f1_macro": 0.8668933807952486
    }
  ],
  "test_metrics": {
    "accuracy": 0.9622093023255814,
    "f1_macro": 0.9201298314338441,
    "classification_report": "              precision    recall  f1-score   support\n\n         ads     0.8824    0.8571    0.8696        35\n         gov     0.8571    0.8000    0.8276        15\n      notifs     0.9661    0.9803    0.9732       407\n         otp     0.9524    0.9804    0.9662       102\n        spam     0.9918    0.9380    0.9641       129\n\n    accuracy                         0.9622       688\n   macro avg     0.9300    0.9112    0.9201       688\nweighted avg     0.9623    0.9622    0.9620       688\n"
  }
}