model,validation_accuracy,validation_f1_macro
soft_voting,0.969147005444646,0.9535116620793056
stacking,0.9582577132486388,0.9357997831316635
