model,validation_accuracy,validation_f1_macro
soft_voting,0.9582577132486388,0.9414201221982447
stacking,0.9401088929219601,0.8668933807952486
