Initialization,Accuracy,F1_Macro,Kappa
Xavier,0.9767441860465116,0.9440595172238175,0.9604478362724386
He,0.1875,0.06315789473684211,0.0
Random,0.2311046511627907,0.15305039787798408,0.08085037604238754
