Initialization,Accuracy,F1_Macro,Kappa
Xavier,0.9563953488372093,0.9183812370294484,0.9260302544860285
Heuristic,0.11627906976744186,0.06418566100290095,0.04139625270413971
Random,0.5392441860465116,0.14324324324324325,-0.007576597553313302
