Initialization,Accuracy,F1_Macro
Heuristic,0.9578488372093024,0.9035141918103982
Xavier,0.7718023255813954,0.6243542207261067
