Initialization,Accuracy,F1_Macro,Kappa
Xavier,0.9549418604651163,0.8984466465575822,0.9244537169210497
Heuristic,0.5915697674418605,0.148675799086758,0.0
Random,0.5915697674418605,0.148675799086758,0.0
