{
  "best_initialization": "Xavier",
  "test_results": [
    {
      "Initialization": "Xavier",
      "Accuracy": 0.9549418604651163,
      "F1_Macro": 0.8984466465575822,
      "Kappa": 0.9244537169210497
    },
    {
      "Initialization": "Heuristic",
      "Accuracy": 0.5915697674418605,
      "F1_Macro": 0.148675799086758,
      "Kappa": 0.0
    },
    {
      "Initialization": "Random",
      "Accuracy": 0.5915697674418605,
      "F1_Macro": 0.148675799086758,
      "Kappa": 0.0
    }
  ]
}