{
  "best_initialization": "Xavier",
  "test_results": [
    {
      "Initialization": "Xavier",
      "Accuracy": 0.9563953488372093,
      "F1_Macro": 0.9183812370294484,
      "Kappa": 0.9260302544860285
    },
    {
      "Initialization": "Heuristic",
      "Accuracy": 0.11627906976744186,
      "F1_Macro": 0.06418566100290095,
      "Kappa": 0.04139625270413971
    },
    {
      "Initialization": "Random",
      "Accuracy": 0.5392441860465116,
      "F1_Macro": 0.14324324324324325,
      "Kappa": -0.007576597553313302
    }
  ]
}